Full Name,Mobile Number,Email,Address,Age,Blood Group,Password
Aarav Sharma,9876543210,aarav.sharma@gmail.com,"Mumbai, Maharashtra, 400001",29,B+,patient@1234
Priya Patel,9823456781,priya.patel@gmail.com,"Ahmedabad, Gujarat, 380015",34,O+,patient@1234
Rohan Mehta,9911223344,rohan.mehta@yahoo.com,"Pune, Maharashtra, 411001",41,A+,patient@1234
Sneha Nair,9898989898,sneha.nair@gmail.com,"Kochi, Kerala, 682001",27,AB+,patient@1234
Vikram Singh,9765432109,vikram.singh@outlook.com,"Jaipur, Rajasthan, 302001",38,O-,patient@1234
Ananya Roy,9812345678,ananya.roy@gmail.com,"Kolkata, West Bengal, 700001",25,A-,patient@1234
Karan Verma,9900112233,karan.verma@gmail.com,"Lucknow, Uttar Pradesh, 226001",32,B-,patient@1234
Neha Gupta,9955667788,neha.gupta@yahoo.com,"Indore, Madhya Pradesh, 452001",45,AB-,patient@1234
Rahul Desai,9870011223,rahul.desai@gmail.com,"Surat, Gujarat, 395003",30,O+,patient@1234
Isha Kapoor,9988776655,isha.kapoor@outlook.com,"Chandigarh, Chandigarh, 160017",22,A+,patient@1234
